Domain,Name Server,Count
lumen.com,"authns1.qwest.net.,authns2.qwest.net.",2
cnnic.cn,"a.cnnic.cn.,b.cnnic.cn.,c.cnnic.cn.,d.cnnic.cn.,e.cnnic.cn.",2141
chinaunicom.cn,"ns.bta.net.cn.,ns2.bta.net.cn.",2299
chinamobile.com,"ns1.cmmobile.cn.,ns1.cnmobile.net.,ns2.cmmobile.cn.,ns2.cnmobile.net.",187
alibabagroup.com,"ns1.alibabadns.com.,ns2.alibabadns.com.",21269
kt.com,"name.kt.co.kr.,name2.kt.co.kr.,name3.kt.co.kr.",61
chinatelecom.com.cn,"dns1.chinatelecom.com.cn.,dns2.chinatelecom.com.cn.",9624
chinatelecom.cn,"dns1.chinatelecom.cn.,dns2.chinatelecom.cn.",1489
cloudflare.com,"ns3.cloudflare.com.,ns4.cloudflare.com.,ns5.cloudflare.com.,ns6.cloudflare.com.,ns7.cloudflare.com.",314
psn.co.id,"ns1.pesat.net.id.,ns2.pesat.net.id.,ns3.pesat.net.id.",394
cernet.edu.cn,"dns.edu.cn.,dns2.edu.cn.",3819
qtsc.com.vn,"dns1.qtsc.com.vn.,dns132.qtsctelecom.vn.,dns133.qtsctelecom.vn.,dns135n.qtsctelecom.vn.,dns2.qtsc.com.vn.,dns3.qtsc.com.vn.,dns3.qtsctelecom.vn.",1
rtat.net,"ns1.bodis.com.,ns2.bodis.com.",226
danielselectric.com,"ns1.mediatemple.net.,ns2.mediatemple.net.",29
amazon.com,"ns1.amzndns.co.uk.,ns1.amzndns.com.,ns1.amzndns.net.,ns1.amzndns.org.,ns2.amzndns.co.uk.,ns2.amzndns.com.,ns2.amzndns.net.,ns2.amzndns.org.",11
pyur.com,"auth02.ns.de.uu.net.,auth52.ns.de.uu.net.",1
nextdns.io,"dawn.ns.cloudflare.com.,lee.ns.cloudflare.com.",34
iforte.co.id,"ns1.iforte.net.id.,ns2.iforte.net.id.,ns3.iforte.net.id.,ns4.iforte.net.id.",194
spectra.co,"ns2.spectranet.com.,ns5.spectranet.com.",1
server.ir,"ali.ns.cloudflare.com.,ed.ns.cloudflare.com.",1
avantnet.ru,"ns1.avantnet.ru.,ns2.avantnet.ru.",1
controld.com,"evan.ns.cloudflare.com.,liz.ns.cloudflare.com.",25
charter.com,"ns1.charter.com.,ns2.charter.com.,ns3.charter.com.,ns4.charter.com.",2
yahsat.ae,"pdns01.domaincontrol.com.,pdns02.domaincontrol.com.",3
lenovo.com,"a1-79.akam.net.,a11-64.akam.net.,a24-65.akam.net.,a28-66.akam.net.,a3-67.akam.net.,a8-64.akam.net.",1
isnet.net.tr,"ank.isbank.net.tr.,ns1.isnet.net.tr.,ns3.is.net.tr.",1
tencent.com,"ns1.qq.com.,ns2.qq.com.,ns3.qq.com.,ns4.qq.com.",35
telkom.co.za,"igubu.saix.net.,ns2.telkom.co.za.,ns3.telkom.co.za.",1
gfiber.com,"ns-cloud-c1.googledomains.com.,ns-cloud-c2.googledomains.com.,ns-cloud-c3.googledomains.com.,ns-cloud-c4.googledomains.com.",1
sifycorp.com,"pdns.sify.net.,sdns.sify.net.",1
transtelco.net,"ns00.transtelco.net.,ns01.transtelco.net.,ns02.transtelco.net.,ns03.transtelco.net.,ns04.transtelco.net.",3
skbroadband.com,"ns.hananet.net.,ns2.hananet.net.",6
gentlent.com,"ns1.gentlent.com.,ns2.gentlent.com.,ns3.gentlent.com.,ns4.gentlent.com.",1
respina.net,"ns01.respina.net.,ns02.respina.net.",2
turktelekom.com.tr,"ns1.ttidc.com.tr.,ns2.ttidc.com.tr.,ns3.ttidc.com.tr.,ns4.ttidc.com.tr.",1
ovhcloud.com,"dns104.ovh.net.,dns200.anycast.me.,ns104.ovh.net.,ns200.anycast.me.",1
telecom.mu,"dns1.intnet.mu.,dns2.intnet.mu.",1
comcast.com,"dns101.comcast.net.,dns102.comcast.net.,dns103.comcast.net.,dns104.comcast.net.,dns105.comcast.net.",1
laser.ir,"ns1.laser.ir.,ns2.laser.ir.",2
china-entercom.net,"dns1.cibonet.com.,dns2.cibonet.com.",2
ct1000.com,"dns1.hichina.com.,dns2.hichina.com.",2
tci.ir,ns1.tci.ir.,4
mpsedc.com,ccrac6.4cplus.com.,1
discoverflow.co,"ns1.a0.impervasecuredns.net.,ns1.a1.impervasecuredns.net.,ns1.a2.impervasecuredns.net.",1
avantel.ru,"ns.avantel.ru.,ns2.avantel.ru.",2
asiatech.ir,"ns1.asiatech.ir.,ns2.asiatech.ir.",2
fly.io,"ns1.fly.io.,ns2.fly.io.,ns3.fly.io.,ns4.fly.io.,ns5.fly.io.,ns6.fly.io.",1
shatel.ir,"ns1.shatel.ir.,ns2.shatel.ir.",2
parspack.com,"ns10.parspack.com.,ns11.parspack.com.,ns12.parspack.com.",1
citycom-austria.com,"ns1.grazkom.at.,ns2.grazkom.at.",1
123.net,"ns1.123net.us.,ns2.distance.net.,ns3.distance.net.,ns4.123net.us.",1
jastel.co.th,"elinore.ns.cloudflare.com.,paul.ns.cloudflare.com.",1
lmt.lv,"gsm2.lmt.lv.,lte4.lmt.lv.,ns2.online.lv.",5
conac.cn,"ns1.sdc.org.cn.,ns2.sdc.org.cn.,ns3.sdc.org.cn.",6
cei.gov.cn,"ns1.cei.cn.,ns2.cei.cn.",1
microsoft.com,"ns1-39.azure-dns.com.,ns2-39.azure-dns.net.,ns3-39.azure-dns.org.,ns4-39.azure-dns.info.",1
nwtel.ca,"squanga.northwestel.net.,trout.northwestel.net.",1
dialnet.net,"perla.dialnet.net.,samaria.dialnet.net.",1
bahnhof.se,"ns.bahnhof.net.,ns2.bahnhof.net.",1
inter-plus.eu,"ns10.az.pl.,ns11.az.pl.,ns12.az.pl.",1
fanavaidc.com,"ns1.fanavaidc.com.,ns2.fanavaidc.com.",1
oracle.com,"a1-160.akam.net.,a11-66.akam.net.,a13-65.akam.net.,a18-67.akam.net.,ns1.p201.dns.oraclecloud.net.,ns2.p201.dns.oraclecloud.net.,ns3.p201.dns.oraclecloud.net.,ns4.p201.dns.oraclecloud.net.",1
dr.com.tr,"ns-1092.awsdns-08.org.,ns-1985.awsdns-56.co.uk.,ns-244.awsdns-30.com.,ns-694.awsdns-22.net.",1
quantcom.cz,"names.dialtelecom.cz.,sns.dialtelecom.cz.",1
iptp.com,"ns1.iptp.net.,ns2.iptp.net.",1
piroozonline.net,"ns4.piroozonline.net.,ns5.piroozonline.net.",1
vodacom.com,"ns01.socialcode.biz.,ns02.socialcode.biz.,ns1.vodacombusiness.co.za.,ns2.vodacombusiness.co.za.",1
liquidtelecom.com,"ns1.liquidtelecom.net.,ns2.liquidtelecom.net.",1
excitel.com,"alla.ns.cloudflare.com.,will.ns.cloudflare.com.",9
glesys.com,"ns1.namesystem.se.,ns2.namesystem.se.,ns3.namesystem.se.",1
balchik.net,"ns1.balchik.net.,ns2.balchik.net.",1
md6.fr,"may.ns.cloudflare.com.,vick.ns.cloudflare.com.",1
colohouse.com,"dora.ns.cloudflare.com.,walt.ns.cloudflare.com.",1
sbu.ac.ir,"ns1.sbu.ac.ir.,ns2.sbu.ac.ir.",4
shahrad.net,"ns1.mydns01.com.,ns2.mydns01.com.",4
symphony.net.th,"cello.violin.co.th.,viola.violin.co.th.",2
pishgaman.net,"ns1.pishgaman.net.,ns2.pishgaman.net.",5
189.cn,"ns1.chinanet.cn.,ns2.chinanet.cn.",1
bgctv.com.cn,"ns1.alidns.com.,ns2.alidns.com.",1
cnic.cn,"ns3.cstnet.cn.,ns4.cstnet.cn.",5
swisscom.ch,"dns1.swisscom.com.,dns2.swisscom.com.,dns3.swisscom.com.",1
nn.gx.cn,"ns.lzptt.gx.cn.,ns.nn.gx.cn.",18
huaweicloud.com,"ns1.huaweicloud-dns.cn.,ns1.huaweicloud-dns.com.,ns1.huaweicloud-dns.net.,ns1.huaweicloud-dns.org.",5
kamatera.com,"max.ns.cloudflare.com.,zoe.ns.cloudflare.com.",1
teleservice.net,"ns1.teleservice.net.,ns2.teleservice.net.",1
timeweb.ru,"ns1.timeweb.ru.,ns2.timeweb.ru.,ns3.timeweb.org.,ns4.timeweb.org.",1
avabarid.com,"ns01.avabarid.com.,ns02.avabarid.com.",5
smileserv.com,"ns1.kr.,ns2.kr.,ns8.kr.,ns9.kr.",1
ground.ir,"ns1.dimit.host.,ns2.dimit.host.",1
plateautel.com,"ns1.plateautel.net.,ns2.plateautel.net.",2
turk.net,"ns.turk.net.,ns.turknet.io.,ns.turknet.net.tr.",1
scn.com.cn,"dns1.cableplus.com.cn.,dns2.cableplus.com.cn.,dns3.cableplus.com.cn.,dns4.cableplus.com.cn.,dns5.cableplus.com.cn.,dns6.cableplus.com.cn.",1
webpass.net,"ns-cloud-d1.googledomains.com.,ns-cloud-d2.googledomains.com.,ns-cloud-d3.googledomains.com.,ns-cloud-d4.googledomains.com.",1
tele2.se,"pitea.dns.swip.net.,sunic.sunet.se.,ystad.dns.swip.net.",1
att.com,"a1-187.akam.net.,a11-65.akam.net.,a2-64.akam.net.,a22-67.akam.net.,a4-64.akam.net.,a5-66.akam.net.",1
ntt.com,"ns-os001.ocn.ad.jp.,pns.ocn.ad.jp.",5
netactuate.com,"brad.ns.cloudflare.com.,nora.ns.cloudflare.com.",1
cwpanama.net,"ns.cwpanama.net.,ns3.cwpanama.net.",1
netvigator.com,"ns4.netvigator.com.,ns5.netvigator.com.",4
talktalkplc.com,"ds0.opaltelecom.net.,ds1.opaltelecom.net.,ds2.opaltelecom.net.",1
tatatelebusiness.com,"ns-1250.awsdns-28.org.,ns-1772.awsdns-29.co.uk.,ns-184.awsdns-23.com.,ns-925.awsdns-51.net.",2
mggsnet.com,"ns1.NODE3.ParmisWeb.Net.,ns2.NODE3.ParmisWeb.Net.",1
rasana.net,"ns1.rasana.net.,ns2.rasana.net.",1
nova.gr,"nsath.forthnet.gr.,nsher.forthnet.gr.,nsthe.forthnet.gr.,teiresias.forthnet.gr.",1
sky.com,"edns1.ultradns.biz.,edns1.ultradns.com.,edns1.ultradns.net.,edns1.ultradns.org.,ns0.isp.sky.com.,ns1.isp.sky.com.",1
herotel.com,"jim.ns.cloudflare.com.,val.ns.cloudflare.com.",1
entel.cl,"ns-1484.awsdns-57.org.,ns-1562.awsdns-03.co.uk.,ns-463.awsdns-57.com.,ns-678.awsdns-20.net.",1
shaw.ca,"a1-220.akam.net.,a3-64.akam.net.,a6-65.akam.net.,a8-66.akam.net.,a9-67.akam.net.,ns7nocg.shawcable.net.,ns8socg.shawcable.net.,ns9htok.shawcable.net.",1
pldt.com,"iserv01.pldt.com.ph.,iserv02.pldt.com.ph.",1
totalplay.com.mx,"ns3.totalplay.com.mx.,ns4.totalplay.com.mx.,ns5.totalplay.com.mx.",1
jio.com,"ns1.jio.com.,ns2.jio.com.,ns3.jio.com.,ns4.jio.com.,ns5.jio.com.,ns6.jio.com.",1
afranet.com,"ns.afranet.com.,ns1.afranet.com.,ns2.afranet.com.,ns3.afranet.com.,ns4.afranet.com.",1
appliwave.com,"ns-1-b.gandi.net.,ns-33-c.gandi.net.,ns-41-a.gandi.net.",1
odido.nl,"ns1.openprovider.nl.,ns2.openprovider.be.,ns3.openprovider.eu.",1
softbank.jp,"dns03.bbtec.net.,dns04.bbtec.net.,dns06.bbtec.net.",1
digitalocean.com,"kim.ns.cloudflare.com.,walt.ns.cloudflare.com.",1
altafocus.id,"ns01.cloudhost.id.,ns02.cloudhost.id.",1
skyfiberinternet.com,"brett.ns.cloudflare.com.,grace.ns.cloudflare.com.",1
altice.com.do,"blanche.altice.com.do.,rouge.altice.com.do.",1
sonic.com,"a.auth-ns.sonic.net.,b.auth-ns.sonic.net.,c.auth-ns.sonic.net.,d.auth-ns.sonic.net.",1
fibrenoire.ca,"ns-1085.awsdns-07.org.,ns-1908.awsdns-46.co.uk.,ns-193.awsdns-24.com.,ns-675.awsdns-20.net.",1
hinet.net,"ans1.hinet.net.,ans2.hinet.net.,ans3.hinet.tw.",1
hargray.com,"ns1.cableone.net.,ns2.cableone.net.,ns3.cableone.net.,ns4.cableone.net.",1
verizonbusiness.com,"auth-ns1.verizonbusiness.com.,auth-ns2.verizonbusiness.com.,auth01.ns.uu.net.,auth200.ns.uu.net.,auth210.ns.uu.net.,auth50.ns.uu.net.,auth61.ns.uu.net.",1
gibir.net.tr,"hal.ns.cloudflare.com.,kiki.ns.cloudflare.com.",1
packet.com,"dns1.p01.nsone.net.,dns2.p01.nsone.net.,dns3.p01.nsone.net.,dns4.p01.nsone.net.",1
ishanitech.biz,"ns71.domaincontrol.com.,ns72.domaincontrol.com.",1
phonoscope.com,"ns1.phonoscope.com.,ns2.phonoscope.com.,ns3.phonoscope.com.",1
gigalinkhk.com,"ns1.hostingww.com.,ns2.hostingww.com.,ns3.hostingww.com.",1
vtal.com,"ns03.vtal.com.br.,ns04.vtal.com.br.",4
serverclick.com,"dns1.serverclick.com.,dns2.serverclick.com.,ns1.serverclick.com.,ns2.serverclick.com.",1
metrored.com.mx,"leia.metrored.mx.,luke.metrored.mx.",1
win.pe,"dalary.ns.cloudflare.com.,jonah.ns.cloudflare.com.",1
macrolan.co.za,"ns1.macrolan.co.za.,ns2.macrolan.co.za.,ns3.macrolan.co.za.",1
airtel.in,"aaadel.mantraonline.com.,dnsdel.mantraonline.com.",1
people.cn,"ns1.people.cn.,ns2.people.cn.,ns3.people.cn.,ns4.people.cn.,ns5.people.cn.",1
kinx.net,"6s.kinx.net.,bs.kinx.net.,fs.kinx.net.,ks.kinx.net.,ks2.kinx.net.,ns.kinx.net.",1
nour.net.sa,"ns1.nour.net.sa.,ns2.nour.net.sa.",1
nessus.at,"ns1.nessus.at.,ns2.nessus.at.,ns3.nessus.at.",1
spadana.net,"ns.spadana.net.,ns5.spadana.net.",1
fifacorp.co.id,"tani.ns.cloudflare.com.,tanner.ns.cloudflare.com.",1
