Provider,Count
"ALICLOUD-US,Taobao",21269
"CT-CLOUDYCOMPANY,CHINANET-SH",9624
"CERNET-CN,BJR-CERNET",3819
"UNICOM-BJ,UNICOM-BJ",2299
"CNNIC-CRITICAL-CN,CNNIC-CRITICAL-CN,CNNIC-CRITICAL-CN,CNNIC-CRITICAL-CN,CNNIC-CRITICAL-CN",2141
"CT-CLOUDYCOMPANY,CHINANET-SH",1489
"PESAT-INFRASTRUKTUR,PESAT-INFRASTRUKTUR,PESAT-INFRASTRUKTUR",394
"CLOUDFLARENET,CLOUDFLARENET,CLOUDFLARENET,CLOUDFLARENET,CLOUDFLARENET",314
"US-STACKPATH-20160615,BODIS-A",226
"SolusiNET,SOLUSINET-ID,SOLUSINET-SOLUSI,SOLUSINET-ID",194
"CMNET,CMNET,CMNET,CMNET",187
"KORNET-KR,KORNET-KR,KORNET-KR",61
"UNICOM-GD,BJTEL,TENCENT-NET-AP,UNICOM-TJ",35
"CLOUDFLARENET,CLOUDFLARENET",34
"GO-DADDY-COM-LLC,GO-DADDY-COM-LLC",29
"CLOUDFLARENET,CLOUDFLARENET",25
"CHINANET-GX,CHINANET-GX",18
"SSL-1134,SSL-1134,SSL-1134,SSL-1134,SECURITYSERVICES,SSL-1134,SSL-1134,SSL-1134",11
"CLOUDFLARENET,CLOUDFLARENET",9
"AP-CONAC-CN,AP-CONAC-CN,AP-CONAC-CN",6
"broadNnet-KR,broadNnet-KR",6
"HWCSNET,HWCSNET,Huawei-HK-CLOUDS,Huawei-ZA-CLOUDS",5
"FANAPTELECOM-NETWORK,FANAPTELECOM-NETWORK",5
"CSTNET-CN,CSTNET-CN",5
"LMT,LV-LMT-20080326,APOLLO-LATTELECOM-SERVICES",5
"OCN,HTTP lookup failed for http://whois.nic.ad.jp/cgi-bin/whois_gw?lang=%2Fe&key=203.139.160.19&submit=query.",5
"IR-PTE-TEHRAN-20120829,IR-PTE-TEHRAN-20120829",5
IR-DCC-20101018,4
"Sefroyek-B2B,IR-ASIATECH-DC",4
"HTTP lookup failed for http://rdap.lacnic.net/rdap/ip/200.96.252.16 with error code 403.,HTTP lookup failed for http://rdap.lacnic.net/rdap/ip/200.96.250.16 with error code 403.",4
"SBUN,SBUN",4
"NETVIGATOR,NETVIGATOR",4
"GO-DADDY-COM-LLC,GO-DADDY-COM-LLC",3
"TIGGEE,TIGGEE,TIGGEE,TIGGEE,TIGGEE",3
"SHTL-NET-INFRA,SHTL-DSL-THR",2
"CENTURYLINK-LEGACY-QWEST-INET-8,CENTURYLINK-LEGACY-QWEST-INET-3",2
"SYMPHONY-INTERNET,SYMPHONY-INTERNET",2
"AMAZON-EC2,AMAZON-BYOIP,AMAZON-BYOIP,AMAZON-BYOIP",2
"PLATEAU-INTERNET-NETWORK,PLATEAU-INTERNET-NETWORK",2
"AVANTEL,AVANTEL",2
"IR-ASIATECH-NET,IR-ASIATECH-NET",2
"ALISOFT,ALISOFT",2
"IR-LASERCO-20140814,IR-LASERCO-20140814",2
"IR-RSPN,IR-RSPN",2
"CHTR-HSA-1BLK,CHTR-HSA-1BLK,CHTR-HSA-2BLK,CHTR-HSA-2BLK",2
"CHINAENTERCOM,CHINAENTERCOM",2
"SE-SWIPNET,SUNET-BACKBONE,SE-SWIPNET",1
,1
"FORTHNET,FORTHNET,FORTHNET,FORTHNET-SUBNETED-NOC",1
"AMAZO-4,AMAZO-4,AMAZO-4",1
"SHTL-NET-INFRA,SHTL-DSL-THR",1
"The DNS query name does not exist: ns1.NODE3.ParmisWeb.Net.,The DNS query name does not exist: ns2.NODE3.ParmisWeb.Net.",1
"Panaone-Infra,Panaone-Infra",1
"RAHKAR-DC,RAHKAR-DC,Avabarid-DataCenter,Avabarid-DataCenter",1
"189.204.0.0 - 189.204.127.255,189.204.0.0 - 189.204.127.255",1
"CLOUDFLARENET,CLOUDFLARENET",1
"UK-OPALNET-20000413,TTT-NEC-SLB,UK-OPALNET-20000413",1
"AKAMAI-PI-1,AKAMAI-PA,AKAMAI-PA,AKAMAI,AKAMAI-ARIN-1,AKAMAI-PA",1
"BHARTI-IN,BHARTI-IN",1
"SECURITYSERVICES,SECURITYSERVICES,SECURITYSERVICES,SECURITYSERVICES,SKY-BROADBAND,SKY-BROADBAND",1
"PELPLE-DAILY,People-Daily-Online,PEOPLENET,People-Daily-Online,PELPLE-DAILY",1
"The DNS response does not contain an answer to the question: 6s.kinx.net. IN A,KINXINC-KR,KINXINC-KR,KINXINC-KR,broadNnet-KR,KINXINC-KR",1
"201.225.225.0 - 201.225.225.255,201.224.0.0 - 201.224.255.255",1
"CLOUDFLARENET,CLOUDFLARENET",1
"NOURNET-Infrastrucure,NOURNET-Infrastrucure",1
"NESSUS-INFRA-DNS,AT-FONIRA,NESSUS-INFRA-NET",1
"PHONOSCOPE-205-196-176-64,PHONOSCOPE-205-196-177-192,PHONOSCOPE-205-196-177-192",1
"CLOUDFLARENET,CLOUDFLARENET",1
"CLOUDFLARENET,CLOUDFLARENET",1
"CLOUDFLARENET,CLOUDFLARENET",1
"MCI-CBLK,MCI-CBLK,NETBLK-UUNETCBLK4,UUNET-EURO-SERVER1,UUNET-EURO-SERVER1,NETBLK-UUNETCBLK4,NETBLK-UUNETCBLK4",1
"COLNET,COLNET,COLNET,COLNET,COLNET,COLNET",1
"CABLEONE,CABLEONE,MSFT,MSFT",1
"HINET-NET,HINET-NET,HINET-NET",1
"AMAZON-EC2,AMAZON-BYOIP,AMAZON-BYOIP,AMAZON-BYOIP",1
"SNIC,SOFTLAYER-4-21,PACKET-HOST-139-178-64-0,US-PACKET-20200226",1
"190.124.65.0 - 190.124.65.255,190.124.66.0 - 190.124.66.255",1
"NSONE-DNS,NSONE-DNS,NSONE-DNS,NSONE-DNS",1
"GO-DADDY-COM-LLC,GO-DADDY-COM-LLC",1
"CLOUDHOST-SG,IDNIC-IDCLOUDHOST-ID",1
"AMAZON-EC2,AMAZON-BYOIP,AMAZON-BYOIP,AMAZON-BYOIP",1
"CLOUDFLARENET,CLOUDFLARENET",1
"BBTEC,BBTEC,BBTEC",1
"CLOUDFLARENET,CLOUDFLARENET,CLOUDFLARENET",1
"GANDI-NET11,FR-GANDI-20030731,GANDI-NET-IP4-NA",1
"Tech-com,Tech-com,IR-AFRANET-20071221,IR-ASIATECH-DC,HostiranNetwork",1
"RELIANCEJIO-IN,RELIANCEJIO-IN,RELIANCEJIO-IN,RELIANCEJIO-IN,RELIANCEJIO-IN,RELIANCEJIO-IN",1
"187.190.0.0 - 187.190.255.255,187.190.0.0 - 187.190.255.255,187.190.0.0 - 187.190.255.255",1
"I-GATE,Smart-IT",1
"AKAMAI-PI-1,AKAMAI-200703,AKAMAI,AKAMAI-PA,AKAMAI,SHAW-COMM,SHAW-COMM,SHAW-COMM",1
"GOOGLE,GOOGLE,GOOGLE,GOOGLE",1
"BGBALCHIK,BGBALCHIK",1
"Turknet,MSFT,TR-TURKNET-990212",1
"DXTNET,DXTNET",1
"MICROSOFT,123NET-BLK-I123-4,123NET-BLK-I123-7,AT-88-Z",1
"CITYCOM-AT-NET-01,AT-GSTW-20061031",1
"ClouDNS,ClouDNS,ClouDNS",1
"TIGGEE-USNYC-1,TIGGEE-EU-5,TIGGEE-AP,TIGGEE-USNYC-1,TIGGEE-EU-6,TIGGEE-AP",1
"INCAPSULA-NETWORK,INCAPSULA-NETWORK,INCAPSULA-NETWORK",1
The DNS query name does not exist: ccrac6.4cplus.com.,1
"JUMPSTART-4,COMCAST-18,COMCAST-18,COMCAST-18,HTTP lookup failed for http://rdap.arin.net/registry/ip/68.87.72.244.",1
,1
"OVH,OVH,OVH,OVH",1
"datacenter,datacenter,TTNET,TTNET",1
"CLOUDFLARENET,CLOUDFLARENET,CLOUDFLARENET,CLOUDFLARENET",1
"Sifyinfranet,Sifyinfranet",1
"GOOGLE,GOOGLE,GOOGLE,GOOGLE",1
,1
"TR-ISNET-20070129,ISNET,CAMIS",1
"AKAMAI-PI-1,AKAMAI-PA,AKAMAI-PA,AKAMAI-PA,AKAMAI-200703,AKAMAI-PA",1
"AVANT-NET,AVANT-NET",1
"CLOUDFLARENET,CLOUDFLARENET",1
"SHYAMSPECTRA-IN,SHYAMSPECTRA-IN",1
"EUNET-DE,UUNET-DE-VIRTUAL-NS",1
"headofficenetwork-net,headofficenetwork-net,headofficenetwork-net,headofficenetwork-net,headofficenetwork-net,headofficenetwork-net,headofficenetwork-net",1
"CLOUDFLARENET,CLOUDFLARENET",1
"MSFT,MSFT,MSFT,MSFT",1
"IR-WEBGOSTARAN5-20191125,IR-WEBGOSTARAN5-20191125",1
"NETBLK-NW-TEL-1,NWST-11",1
"SMILESERV-KR,SMILESERV-KR,SMILESERV-KR,SMILESERV-KR",1
"TimeWeb-7,TimeWeb-3,RETN-RU,RU-RETNNET-SPB",1
"TELESERVICE-SE,TELESERVICE-SE",1
"CLOUDFLARENET,CLOUDFLARENET",1
"Swisscom-ITS,Swisscom-ITS,CH-SWISSCOM-ITS-193-222",1
"ALISOFT,ALISOFT",1
"CHINANET-BB,CHINANET-BB",1
"CLOUDFLARENET,CLOUDFLARENET",1
"CLOUDFLARENET,CLOUDFLARENET",1
"GLESYS,GLESYS,GLESYS",1
"Liquid-London,Liquid-London",1
"ORG-DD1-AFRINIC,RACKS-8-NET-4",1
"IR-PIROOZONLINE-DEDICATED_USERS-2022,IR-PIROOZONLINE-DEDICATED_USERS-2022",1
"IPTRIPLEPLAY,IPTRIPLEPLAY",1
"MWVOLNETWORK2,VOLNYCZECHNETWORK",1
"AMAZON-EC2,AMAZON-BYOIP,AMAZON-BYOIP,AMAZON-BYOIP",1
"AKAMAI-PI-1,AKAMAI-PA,AKAMAI-PA,AKAMAI-PA,TZODNS-1,TZODNS-1,TZODNS-1,TZODNS-1",1
"IR-FIDC-20070828,IR-FIDC-20070828",1
"AZPL,AZPL,AZPL",1
"INFRA-AW-BIAB,RID-0000020483",1
"186.1.161.0 - 186.1.161.127,186.1.160.0 - 186.1.160.127",1
"CLOUDFLARENET,CLOUDFLARENET",1
