Domain,Name Server,Provider,Count
lumen.com,"authns1.qwest.net.,authns2.qwest.net.","CENTURYLINK-LEGACY-QWEST-INET-8,CENTURYLINK-LEGACY-QWEST-INET-3",2
cnnic.cn,"a.cnnic.cn.,b.cnnic.cn.,c.cnnic.cn.,d.cnnic.cn.,e.cnnic.cn.","CNNIC-CRITICAL-CN,CNNIC-CRITICAL-CN,CNNIC-CRITICAL-CN,CNNIC-CRITICAL-CN,CNNIC-CRITICAL-CN",2141
chinaunicom.cn,"ns.bta.net.cn.,ns2.bta.net.cn.","UNICOM-BJ,UNICOM-BJ",2299
chinamobile.com,"ns1.cmmobile.cn.,ns1.cnmobile.net.,ns2.cmmobile.cn.,ns2.cnmobile.net.","CMNET,CMNET,CMNET,CMNET",187
alibabagroup.com,"ns1.alibabadns.com.,ns2.alibabadns.com.","ALICLOUD-US,Taobao",21269
kt.com,"name.kt.co.kr.,name2.kt.co.kr.,name3.kt.co.kr.","KORNET-KR,KORNET-KR,KORNET-KR",61
chinatelecom.com.cn,"dns1.chinatelecom.com.cn.,dns2.chinatelecom.com.cn.","CT-CLOUDYCOMPANY,CHINANET-SH",9624
chinatelecom.cn,"dns1.chinatelecom.cn.,dns2.chinatelecom.cn.","CT-CLOUDYCOMPANY,CHINANET-SH",1489
cloudflare.com,"ns3.cloudflare.com.,ns4.cloudflare.com.,ns5.cloudflare.com.,ns6.cloudflare.com.,ns7.cloudflare.com.","CLOUDFLARENET,CLOUDFLARENET,CLOUDFLARENET,CLOUDFLARENET,CLOUDFLARENET",314
psn.co.id,"ns1.pesat.net.id.,ns2.pesat.net.id.,ns3.pesat.net.id.","PESAT-INFRASTRUKTUR,PESAT-INFRASTRUKTUR,PESAT-INFRASTRUKTUR",394
cernet.edu.cn,"dns.edu.cn.,dns2.edu.cn.","CERNET-CN,BJR-CERNET",3819
qtsc.com.vn,"dns1.qtsc.com.vn.,dns132.qtsctelecom.vn.,dns133.qtsctelecom.vn.,dns135n.qtsctelecom.vn.,dns2.qtsc.com.vn.,dns3.qtsc.com.vn.,dns3.qtsctelecom.vn.","headofficenetwork-net,headofficenetwork-net,headofficenetwork-net,headofficenetwork-net,headofficenetwork-net,headofficenetwork-net,headofficenetwork-net",1
rtat.net,"ns1.bodis.com.,ns2.bodis.com.","US-STACKPATH-20160615,BODIS-A",226
danielselectric.com,"ns1.mediatemple.net.,ns2.mediatemple.net.","GO-DADDY-COM-LLC,GO-DADDY-COM-LLC",29
amazon.com,"ns1.amzndns.co.uk.,ns1.amzndns.com.,ns1.amzndns.net.,ns1.amzndns.org.,ns2.amzndns.co.uk.,ns2.amzndns.com.,ns2.amzndns.net.,ns2.amzndns.org.","SSL-1134,SSL-1134,SSL-1134,SSL-1134,SECURITYSERVICES,SSL-1134,SSL-1134,SSL-1134",11
pyur.com,"auth02.ns.de.uu.net.,auth52.ns.de.uu.net.","EUNET-DE,UUNET-DE-VIRTUAL-NS",1
nextdns.io,"dawn.ns.cloudflare.com.,lee.ns.cloudflare.com.","CLOUDFLARENET,CLOUDFLARENET",34
iforte.co.id,"ns1.iforte.net.id.,ns2.iforte.net.id.,ns3.iforte.net.id.,ns4.iforte.net.id.","SolusiNET,SOLUSINET-ID,SOLUSINET-SOLUSI,SOLUSINET-ID",194
spectra.co,"ns2.spectranet.com.,ns5.spectranet.com.","SHYAMSPECTRA-IN,SHYAMSPECTRA-IN",1
server.ir,"ali.ns.cloudflare.com.,ed.ns.cloudflare.com.","CLOUDFLARENET,CLOUDFLARENET",1
avantnet.ru,"ns1.avantnet.ru.,ns2.avantnet.ru.","AVANT-NET,AVANT-NET",1
controld.com,"evan.ns.cloudflare.com.,liz.ns.cloudflare.com.","CLOUDFLARENET,CLOUDFLARENET",25
charter.com,"ns1.charter.com.,ns2.charter.com.,ns3.charter.com.,ns4.charter.com.","CHTR-HSA-1BLK,CHTR-HSA-1BLK,CHTR-HSA-2BLK,CHTR-HSA-2BLK",2
yahsat.ae,"pdns01.domaincontrol.com.,pdns02.domaincontrol.com.","GO-DADDY-COM-LLC,GO-DADDY-COM-LLC",3
lenovo.com,"a1-79.akam.net.,a11-64.akam.net.,a24-65.akam.net.,a28-66.akam.net.,a3-67.akam.net.,a8-64.akam.net.","AKAMAI-PI-1,AKAMAI-PA,AKAMAI-PA,AKAMAI-PA,AKAMAI-200703,AKAMAI-PA",1
isnet.net.tr,"ank.isbank.net.tr.,ns1.isnet.net.tr.,ns3.is.net.tr.","TR-ISNET-20070129,ISNET,CAMIS",1
tencent.com,"ns1.qq.com.,ns2.qq.com.,ns3.qq.com.,ns4.qq.com.","UNICOM-GD,BJTEL,TENCENT-NET-AP,UNICOM-TJ",35
telkom.co.za,"igubu.saix.net.,ns2.telkom.co.za.,ns3.telkom.co.za.",,1
gfiber.com,"ns-cloud-c1.googledomains.com.,ns-cloud-c2.googledomains.com.,ns-cloud-c3.googledomains.com.,ns-cloud-c4.googledomains.com.","GOOGLE,GOOGLE,GOOGLE,GOOGLE",1
sifycorp.com,"pdns.sify.net.,sdns.sify.net.","Sifyinfranet,Sifyinfranet",1
transtelco.net,"ns00.transtelco.net.,ns01.transtelco.net.,ns02.transtelco.net.,ns03.transtelco.net.,ns04.transtelco.net.","TIGGEE,TIGGEE,TIGGEE,TIGGEE,TIGGEE",3
skbroadband.com,"ns.hananet.net.,ns2.hananet.net.","broadNnet-KR,broadNnet-KR",6
gentlent.com,"ns1.gentlent.com.,ns2.gentlent.com.,ns3.gentlent.com.,ns4.gentlent.com.","CLOUDFLARENET,CLOUDFLARENET,CLOUDFLARENET,CLOUDFLARENET",1
respina.net,"ns01.respina.net.,ns02.respina.net.","IR-RSPN,IR-RSPN",2
turktelekom.com.tr,"ns1.ttidc.com.tr.,ns2.ttidc.com.tr.,ns3.ttidc.com.tr.,ns4.ttidc.com.tr.","datacenter,datacenter,TTNET,TTNET",1
ovhcloud.com,"dns104.ovh.net.,dns200.anycast.me.,ns104.ovh.net.,ns200.anycast.me.","OVH,OVH,OVH,OVH",1
telecom.mu,"dns1.intnet.mu.,dns2.intnet.mu.",,1
comcast.com,"dns101.comcast.net.,dns102.comcast.net.,dns103.comcast.net.,dns104.comcast.net.,dns105.comcast.net.","JUMPSTART-4,COMCAST-18,COMCAST-18,COMCAST-18,HTTP lookup failed for http://rdap.arin.net/registry/ip/68.87.72.244.",1
laser.ir,"ns1.laser.ir.,ns2.laser.ir.","IR-LASERCO-20140814,IR-LASERCO-20140814",2
china-entercom.net,"dns1.cibonet.com.,dns2.cibonet.com.","CHINAENTERCOM,CHINAENTERCOM",2
ct1000.com,"dns1.hichina.com.,dns2.hichina.com.","ALISOFT,ALISOFT",2
tci.ir,ns1.tci.ir.,IR-DCC-20101018,4
mpsedc.com,ccrac6.4cplus.com.,The DNS query name does not exist: ccrac6.4cplus.com.,1
discoverflow.co,"ns1.a0.impervasecuredns.net.,ns1.a1.impervasecuredns.net.,ns1.a2.impervasecuredns.net.","INCAPSULA-NETWORK,INCAPSULA-NETWORK,INCAPSULA-NETWORK",1
avantel.ru,"ns.avantel.ru.,ns2.avantel.ru.","AVANTEL,AVANTEL",2
asiatech.ir,"ns1.asiatech.ir.,ns2.asiatech.ir.","IR-ASIATECH-NET,IR-ASIATECH-NET",2
fly.io,"ns1.fly.io.,ns2.fly.io.,ns3.fly.io.,ns4.fly.io.,ns5.fly.io.,ns6.fly.io.","TIGGEE-USNYC-1,TIGGEE-EU-5,TIGGEE-AP,TIGGEE-USNYC-1,TIGGEE-EU-6,TIGGEE-AP",1
shatel.ir,"ns1.shatel.ir.,ns2.shatel.ir.","SHTL-NET-INFRA,SHTL-DSL-THR",2
parspack.com,"ns10.parspack.com.,ns11.parspack.com.,ns12.parspack.com.","ClouDNS,ClouDNS,ClouDNS",1
citycom-austria.com,"ns1.grazkom.at.,ns2.grazkom.at.","CITYCOM-AT-NET-01,AT-GSTW-20061031",1
123.net,"ns1.123net.us.,ns2.distance.net.,ns3.distance.net.,ns4.123net.us.","MICROSOFT,123NET-BLK-I123-4,123NET-BLK-I123-7,AT-88-Z",1
jastel.co.th,"elinore.ns.cloudflare.com.,paul.ns.cloudflare.com.","CLOUDFLARENET,CLOUDFLARENET",1
lmt.lv,"gsm2.lmt.lv.,lte4.lmt.lv.,ns2.online.lv.","LMT,LV-LMT-20080326,APOLLO-LATTELECOM-SERVICES",5
conac.cn,"ns1.sdc.org.cn.,ns2.sdc.org.cn.,ns3.sdc.org.cn.","AP-CONAC-CN,AP-CONAC-CN,AP-CONAC-CN",6
cei.gov.cn,"ns1.cei.cn.,ns2.cei.cn.","DXTNET,DXTNET",1
microsoft.com,"ns1-39.azure-dns.com.,ns2-39.azure-dns.net.,ns3-39.azure-dns.org.,ns4-39.azure-dns.info.","MSFT,MSFT,MSFT,MSFT",1
nwtel.ca,"squanga.northwestel.net.,trout.northwestel.net.","NETBLK-NW-TEL-1,NWST-11",1
dialnet.net,"perla.dialnet.net.,samaria.dialnet.net.","186.1.161.0 - 186.1.161.127,186.1.160.0 - 186.1.160.127",1
bahnhof.se,"ns.bahnhof.net.,ns2.bahnhof.net.","INFRA-AW-BIAB,RID-0000020483",1
inter-plus.eu,"ns10.az.pl.,ns11.az.pl.,ns12.az.pl.","AZPL,AZPL,AZPL",1
fanavaidc.com,"ns1.fanavaidc.com.,ns2.fanavaidc.com.","IR-FIDC-20070828,IR-FIDC-20070828",1
oracle.com,"a1-160.akam.net.,a11-66.akam.net.,a13-65.akam.net.,a18-67.akam.net.,ns1.p201.dns.oraclecloud.net.,ns2.p201.dns.oraclecloud.net.,ns3.p201.dns.oraclecloud.net.,ns4.p201.dns.oraclecloud.net.","AKAMAI-PI-1,AKAMAI-PA,AKAMAI-PA,AKAMAI-PA,TZODNS-1,TZODNS-1,TZODNS-1,TZODNS-1",1
dr.com.tr,"ns-1092.awsdns-08.org.,ns-1985.awsdns-56.co.uk.,ns-244.awsdns-30.com.,ns-694.awsdns-22.net.","AMAZON-EC2,AMAZON-BYOIP,AMAZON-BYOIP,AMAZON-BYOIP",1
quantcom.cz,"names.dialtelecom.cz.,sns.dialtelecom.cz.","MWVOLNETWORK2,VOLNYCZECHNETWORK",1
iptp.com,"ns1.iptp.net.,ns2.iptp.net.","IPTRIPLEPLAY,IPTRIPLEPLAY",1
piroozonline.net,"ns4.piroozonline.net.,ns5.piroozonline.net.","IR-PIROOZONLINE-DEDICATED_USERS-2022,IR-PIROOZONLINE-DEDICATED_USERS-2022",1
vodacom.com,"ns01.socialcode.biz.,ns02.socialcode.biz.,ns1.vodacombusiness.co.za.,ns2.vodacombusiness.co.za.","ORG-DD1-AFRINIC,RACKS-8-NET-4",1
liquidtelecom.com,"ns1.liquidtelecom.net.,ns2.liquidtelecom.net.","Liquid-London,Liquid-London",1
excitel.com,"alla.ns.cloudflare.com.,will.ns.cloudflare.com.","CLOUDFLARENET,CLOUDFLARENET",9
glesys.com,"ns1.namesystem.se.,ns2.namesystem.se.,ns3.namesystem.se.","GLESYS,GLESYS,GLESYS",1
balchik.net,"ns1.balchik.net.,ns2.balchik.net.","BGBALCHIK,BGBALCHIK",1
md6.fr,"may.ns.cloudflare.com.,vick.ns.cloudflare.com.","CLOUDFLARENET,CLOUDFLARENET",1
colohouse.com,"dora.ns.cloudflare.com.,walt.ns.cloudflare.com.","CLOUDFLARENET,CLOUDFLARENET",1
sbu.ac.ir,"ns1.sbu.ac.ir.,ns2.sbu.ac.ir.","SBUN,SBUN",4
shahrad.net,"ns1.mydns01.com.,ns2.mydns01.com.","Sefroyek-B2B,IR-ASIATECH-DC",4
symphony.net.th,"cello.violin.co.th.,viola.violin.co.th.","SYMPHONY-INTERNET,SYMPHONY-INTERNET",2
pishgaman.net,"ns1.pishgaman.net.,ns2.pishgaman.net.","IR-PTE-TEHRAN-20120829,IR-PTE-TEHRAN-20120829",5
189.cn,"ns1.chinanet.cn.,ns2.chinanet.cn.","CHINANET-BB,CHINANET-BB",1
bgctv.com.cn,"ns1.alidns.com.,ns2.alidns.com.","ALISOFT,ALISOFT",1
cnic.cn,"ns3.cstnet.cn.,ns4.cstnet.cn.","CSTNET-CN,CSTNET-CN",5
swisscom.ch,"dns1.swisscom.com.,dns2.swisscom.com.,dns3.swisscom.com.","Swisscom-ITS,Swisscom-ITS,CH-SWISSCOM-ITS-193-222",1
nn.gx.cn,"ns.lzptt.gx.cn.,ns.nn.gx.cn.","CHINANET-GX,CHINANET-GX",18
huaweicloud.com,"ns1.huaweicloud-dns.cn.,ns1.huaweicloud-dns.com.,ns1.huaweicloud-dns.net.,ns1.huaweicloud-dns.org.","HWCSNET,HWCSNET,Huawei-HK-CLOUDS,Huawei-ZA-CLOUDS",5
kamatera.com,"max.ns.cloudflare.com.,zoe.ns.cloudflare.com.","CLOUDFLARENET,CLOUDFLARENET",1
teleservice.net,"ns1.teleservice.net.,ns2.teleservice.net.","TELESERVICE-SE,TELESERVICE-SE",1
timeweb.ru,"ns1.timeweb.ru.,ns2.timeweb.ru.,ns3.timeweb.org.,ns4.timeweb.org.","TimeWeb-7,TimeWeb-3,RETN-RU,RU-RETNNET-SPB",1
avabarid.com,"ns01.avabarid.com.,ns02.avabarid.com.","FANAPTELECOM-NETWORK,FANAPTELECOM-NETWORK",5
smileserv.com,"ns1.kr.,ns2.kr.,ns8.kr.,ns9.kr.","SMILESERV-KR,SMILESERV-KR,SMILESERV-KR,SMILESERV-KR",1
ground.ir,"ns1.dimit.host.,ns2.dimit.host.","IR-WEBGOSTARAN5-20191125,IR-WEBGOSTARAN5-20191125",1
plateautel.com,"ns1.plateautel.net.,ns2.plateautel.net.","PLATEAU-INTERNET-NETWORK,PLATEAU-INTERNET-NETWORK",2
turk.net,"ns.turk.net.,ns.turknet.io.,ns.turknet.net.tr.","Turknet,MSFT,TR-TURKNET-990212",1
scn.com.cn,"dns1.cableplus.com.cn.,dns2.cableplus.com.cn.,dns3.cableplus.com.cn.,dns4.cableplus.com.cn.,dns5.cableplus.com.cn.,dns6.cableplus.com.cn.","COLNET,COLNET,COLNET,COLNET,COLNET,COLNET",1
webpass.net,"ns-cloud-d1.googledomains.com.,ns-cloud-d2.googledomains.com.,ns-cloud-d3.googledomains.com.,ns-cloud-d4.googledomains.com.","GOOGLE,GOOGLE,GOOGLE,GOOGLE",1
tele2.se,"pitea.dns.swip.net.,sunic.sunet.se.,ystad.dns.swip.net.","SE-SWIPNET,SUNET-BACKBONE,SE-SWIPNET",1
att.com,"a1-187.akam.net.,a11-65.akam.net.,a2-64.akam.net.,a22-67.akam.net.,a4-64.akam.net.,a5-66.akam.net.","AKAMAI-PI-1,AKAMAI-PA,AKAMAI-PA,AKAMAI,AKAMAI-ARIN-1,AKAMAI-PA",1
ntt.com,"ns-os001.ocn.ad.jp.,pns.ocn.ad.jp.","OCN,HTTP lookup failed for http://whois.nic.ad.jp/cgi-bin/whois_gw?lang=%2Fe&key=203.139.160.19&submit=query.",5
netactuate.com,"brad.ns.cloudflare.com.,nora.ns.cloudflare.com.","CLOUDFLARENET,CLOUDFLARENET",1
cwpanama.net,"ns.cwpanama.net.,ns3.cwpanama.net.","201.225.225.0 - 201.225.225.255,201.224.0.0 - 201.224.255.255",1
netvigator.com,"ns4.netvigator.com.,ns5.netvigator.com.","NETVIGATOR,NETVIGATOR",4
talktalkplc.com,"ds0.opaltelecom.net.,ds1.opaltelecom.net.,ds2.opaltelecom.net.","UK-OPALNET-20000413,TTT-NEC-SLB,UK-OPALNET-20000413",1
tatatelebusiness.com,"ns-1250.awsdns-28.org.,ns-1772.awsdns-29.co.uk.,ns-184.awsdns-23.com.,ns-925.awsdns-51.net.","AMAZON-EC2,AMAZON-BYOIP,AMAZON-BYOIP,AMAZON-BYOIP",2
mggsnet.com,"ns1.NODE3.ParmisWeb.Net.,ns2.NODE3.ParmisWeb.Net.","The DNS query name does not exist: ns1.NODE3.ParmisWeb.Net.,The DNS query name does not exist: ns2.NODE3.ParmisWeb.Net.",1
rasana.net,"ns1.rasana.net.,ns2.rasana.net.","SHTL-NET-INFRA,SHTL-DSL-THR",1
nova.gr,"nsath.forthnet.gr.,nsher.forthnet.gr.,nsthe.forthnet.gr.,teiresias.forthnet.gr.","FORTHNET,FORTHNET,FORTHNET,FORTHNET-SUBNETED-NOC",1
sky.com,"edns1.ultradns.biz.,edns1.ultradns.com.,edns1.ultradns.net.,edns1.ultradns.org.,ns0.isp.sky.com.,ns1.isp.sky.com.","SECURITYSERVICES,SECURITYSERVICES,SECURITYSERVICES,SECURITYSERVICES,SKY-BROADBAND,SKY-BROADBAND",1
herotel.com,"jim.ns.cloudflare.com.,val.ns.cloudflare.com.","CLOUDFLARENET,CLOUDFLARENET",1
entel.cl,"ns-1484.awsdns-57.org.,ns-1562.awsdns-03.co.uk.,ns-463.awsdns-57.com.,ns-678.awsdns-20.net.","AMAZON-EC2,AMAZON-BYOIP,AMAZON-BYOIP,AMAZON-BYOIP",1
shaw.ca,"a1-220.akam.net.,a3-64.akam.net.,a6-65.akam.net.,a8-66.akam.net.,a9-67.akam.net.,ns7nocg.shawcable.net.,ns8socg.shawcable.net.,ns9htok.shawcable.net.","AKAMAI-PI-1,AKAMAI-200703,AKAMAI,AKAMAI-PA,AKAMAI,SHAW-COMM,SHAW-COMM,SHAW-COMM",1
pldt.com,"iserv01.pldt.com.ph.,iserv02.pldt.com.ph.","I-GATE,Smart-IT",1
totalplay.com.mx,"ns3.totalplay.com.mx.,ns4.totalplay.com.mx.,ns5.totalplay.com.mx.","187.190.0.0 - 187.190.255.255,187.190.0.0 - 187.190.255.255,187.190.0.0 - 187.190.255.255",1
jio.com,"ns1.jio.com.,ns2.jio.com.,ns3.jio.com.,ns4.jio.com.,ns5.jio.com.,ns6.jio.com.","RELIANCEJIO-IN,RELIANCEJIO-IN,RELIANCEJIO-IN,RELIANCEJIO-IN,RELIANCEJIO-IN,RELIANCEJIO-IN",1
afranet.com,"ns.afranet.com.,ns1.afranet.com.,ns2.afranet.com.,ns3.afranet.com.,ns4.afranet.com.","Tech-com,Tech-com,IR-AFRANET-20071221,IR-ASIATECH-DC,HostiranNetwork",1
appliwave.com,"ns-1-b.gandi.net.,ns-33-c.gandi.net.,ns-41-a.gandi.net.","GANDI-NET11,FR-GANDI-20030731,GANDI-NET-IP4-NA",1
odido.nl,"ns1.openprovider.nl.,ns2.openprovider.be.,ns3.openprovider.eu.","CLOUDFLARENET,CLOUDFLARENET,CLOUDFLARENET",1
softbank.jp,"dns03.bbtec.net.,dns04.bbtec.net.,dns06.bbtec.net.","BBTEC,BBTEC,BBTEC",1
digitalocean.com,"kim.ns.cloudflare.com.,walt.ns.cloudflare.com.","CLOUDFLARENET,CLOUDFLARENET",1
altafocus.id,"ns01.cloudhost.id.,ns02.cloudhost.id.","CLOUDHOST-SG,IDNIC-IDCLOUDHOST-ID",1
skyfiberinternet.com,"brett.ns.cloudflare.com.,grace.ns.cloudflare.com.","CLOUDFLARENET,CLOUDFLARENET",1
altice.com.do,"blanche.altice.com.do.,rouge.altice.com.do.","190.124.65.0 - 190.124.65.255,190.124.66.0 - 190.124.66.255",1
sonic.com,"a.auth-ns.sonic.net.,b.auth-ns.sonic.net.,c.auth-ns.sonic.net.,d.auth-ns.sonic.net.","SNIC,SOFTLAYER-4-21,PACKET-HOST-139-178-64-0,US-PACKET-20200226",1
fibrenoire.ca,"ns-1085.awsdns-07.org.,ns-1908.awsdns-46.co.uk.,ns-193.awsdns-24.com.,ns-675.awsdns-20.net.","AMAZON-EC2,AMAZON-BYOIP,AMAZON-BYOIP,AMAZON-BYOIP",1
hinet.net,"ans1.hinet.net.,ans2.hinet.net.,ans3.hinet.tw.","HINET-NET,HINET-NET,HINET-NET",1
hargray.com,"ns1.cableone.net.,ns2.cableone.net.,ns3.cableone.net.,ns4.cableone.net.","CABLEONE,CABLEONE,MSFT,MSFT",1
verizonbusiness.com,"auth-ns1.verizonbusiness.com.,auth-ns2.verizonbusiness.com.,auth01.ns.uu.net.,auth200.ns.uu.net.,auth210.ns.uu.net.,auth50.ns.uu.net.,auth61.ns.uu.net.","MCI-CBLK,MCI-CBLK,NETBLK-UUNETCBLK4,UUNET-EURO-SERVER1,UUNET-EURO-SERVER1,NETBLK-UUNETCBLK4,NETBLK-UUNETCBLK4",1
gibir.net.tr,"hal.ns.cloudflare.com.,kiki.ns.cloudflare.com.","CLOUDFLARENET,CLOUDFLARENET",1
packet.com,"dns1.p01.nsone.net.,dns2.p01.nsone.net.,dns3.p01.nsone.net.,dns4.p01.nsone.net.","NSONE-DNS,NSONE-DNS,NSONE-DNS,NSONE-DNS",1
ishanitech.biz,"ns71.domaincontrol.com.,ns72.domaincontrol.com.","GO-DADDY-COM-LLC,GO-DADDY-COM-LLC",1
phonoscope.com,"ns1.phonoscope.com.,ns2.phonoscope.com.,ns3.phonoscope.com.","PHONOSCOPE-205-196-176-64,PHONOSCOPE-205-196-177-192,PHONOSCOPE-205-196-177-192",1
gigalinkhk.com,"ns1.hostingww.com.,ns2.hostingww.com.,ns3.hostingww.com.","AMAZO-4,AMAZO-4,AMAZO-4",1
vtal.com,"ns03.vtal.com.br.,ns04.vtal.com.br.","HTTP lookup failed for http://rdap.lacnic.net/rdap/ip/200.96.252.16 with error code 403.,HTTP lookup failed for http://rdap.lacnic.net/rdap/ip/200.96.250.16 with error code 403.",4
serverclick.com,"dns1.serverclick.com.,dns2.serverclick.com.,ns1.serverclick.com.,ns2.serverclick.com.","RAHKAR-DC,RAHKAR-DC,Avabarid-DataCenter,Avabarid-DataCenter",1
metrored.com.mx,"leia.metrored.mx.,luke.metrored.mx.","189.204.0.0 - 189.204.127.255,189.204.0.0 - 189.204.127.255",1
win.pe,"dalary.ns.cloudflare.com.,jonah.ns.cloudflare.com.","CLOUDFLARENET,CLOUDFLARENET",1
macrolan.co.za,"ns1.macrolan.co.za.,ns2.macrolan.co.za.,ns3.macrolan.co.za.",,1
airtel.in,"aaadel.mantraonline.com.,dnsdel.mantraonline.com.","BHARTI-IN,BHARTI-IN",1
people.cn,"ns1.people.cn.,ns2.people.cn.,ns3.people.cn.,ns4.people.cn.,ns5.people.cn.","PELPLE-DAILY,People-Daily-Online,PEOPLENET,People-Daily-Online,PELPLE-DAILY",1
kinx.net,"6s.kinx.net.,bs.kinx.net.,fs.kinx.net.,ks.kinx.net.,ks2.kinx.net.,ns.kinx.net.","The DNS response does not contain an answer to the question: 6s.kinx.net. IN A,KINXINC-KR,KINXINC-KR,KINXINC-KR,broadNnet-KR,KINXINC-KR",1
nour.net.sa,"ns1.nour.net.sa.,ns2.nour.net.sa.","NOURNET-Infrastrucure,NOURNET-Infrastrucure",1
nessus.at,"ns1.nessus.at.,ns2.nessus.at.,ns3.nessus.at.","NESSUS-INFRA-DNS,AT-FONIRA,NESSUS-INFRA-NET",1
spadana.net,"ns.spadana.net.,ns5.spadana.net.","Panaone-Infra,Panaone-Infra",1
fifacorp.co.id,"tani.ns.cloudflare.com.,tanner.ns.cloudflare.com.","CLOUDFLARENET,CLOUDFLARENET",1
